{"name":"BM_2024-10-24_18_02_19_ibEexzq4WY0sk37j.zip","date":"2024-10-24 18:02:19","files":7652,"bytes":119949455,"cron":false,"total_queries":245,"manifest":"2024-10-24 18:02:36","millis_start":1729792939.09922504425048828125,"millis_end":1729792956.4559199810028076171875,"version":"1.4.6","domain":"nationsoundluc.rf.gd","dbdomain":"http:\/\/nationsoundluc.rf.gd\/wpdb","uid":1,"source_query_output":2000,"db_backup_engine":"v4","multisite":false,"config":{"ABSPATH":"\/home\/vol15_8\/infinityfree.com\/if0_36828142\/htdocs\/wpdb\/","DB_NAME":"if0_36828142_wp156","DB_USER":"36828142_1","DB_PASSWORD":"bU0)83]DpS","DB_HOST":"sql304.byetcluster.com","DB_CHARSET":"utf8mb4","DB_COLLATE":"","AUTH_KEY":"prihuatmylipbsaqdtjbvt2j4efmu50ua7kc4ze5yikgsk3ieuwnibifxzz1xtsj","SECURE_AUTH_KEY":"nkoiifa8fy5ji46zwtxvrpengqccrasntigytxtlngcjecwc19jkoehppmaxu0oa","LOGGED_IN_KEY":"1rzmiwrh84gtfo3ys1gwvtbnx5cxqfrjdkt42zmrk1etffdml8mtr5wuvo0oja1b","NONCE_KEY":"2rpi1i0jz7fkmk9dqljyufed6spl5l9xsz1ezkjyjrgvefsbs7ziuda3wixbhq8f","AUTH_SALT":"ik2hr4jxonncorbvtqhjkf2dm1ec8wl0ijhmyliszatlrqxhmdnc7naj74nqwgz4","SECURE_AUTH_SALT":"9vtnnszinlbmbk355snyxzhsdkyjpi5cptau64390nxifxatqf6vazp02fm11gip","LOGGED_IN_SALT":"uz78i7cqhzan8vvlbn93uayanl8udbvoqfiygdl71utydacswhggss1w33xa84gq","NONCE_SALT":"a1hdkeaemyhvbel1xzlksoaap5mbcvyqqad3enhbd4ei9dyc2lcuuesntva12509","WP_DEBUG_LOG":false,"WP_CONTENT_URL":"http:\/\/nationsoundluc.rf.gd\/wpdb\/wp-content","WP_CONTENT_DIR":"\/home\/vol15_8\/infinityfree.com\/if0_36828142\/htdocs\/wpdb\/wp-content\/","table_prefix":"wp_"}}