{"name":"BM_2025-06-11_16_08_27_ZOiyz6cXAMSav23p.zip","date":"2025-06-11 16:08:27","files":8064,"bytes":123972363,"cron":false,"total_queries":301,"manifest":"2025-06-11 16:09:00","millis_start":1749658107.5382030010223388671875,"millis_end":1749658140.102984905242919921875,"version":"1.4.8","domain":"nationsoundluc.rf.gd","dbdomain":"https:\/\/nationsoundluc.rf.gd\/wp","uid":1,"source_query_output":2000,"db_backup_engine":"v4","multisite":false,"config":{"ABSPATH":"\/home\/vol15_8\/infinityfree.com\/if0_36828142\/htdocs\/wp\/","DB_NAME":"if0_36828142_wp67","DB_USER":"36828142_b","DB_PASSWORD":"7S2(sy]n3p","DB_HOST":"sql304.byetcluster.com","DB_CHARSET":"utf8mb4","DB_COLLATE":"","AUTH_KEY":"vjmpzzjkou1m36jreayysjly3ef2wbzcx4oxqdt0azli5olr3eul2nbenldr9tc9","SECURE_AUTH_KEY":"jv6ft2y3knqhfjhcpor0uxr3g15rcneq29ikwgyqqqr9ku5rtbpxvkfhv2ky5qpu","LOGGED_IN_KEY":"rkdvummjrpxqfgu9appyk40ygd0grpbakwevofnfrg27x60zw0wasz6efkywrfij","NONCE_KEY":"nckejtklicknecbannax3lcjw7waak0um9hd0p16buvngvummdofy06vlsoc59yu","AUTH_SALT":"svmjivafqlqg8mbtmlsw8fqzd5qkheblxdusgpodfnqpak2zkqk7alnszuxkf5wi","SECURE_AUTH_SALT":"mq1bt6bobgn6ft9thyvn8w8bu4ttfqogtsfdbiyqevqprmk2a8ojbb42pg64hnnf","LOGGED_IN_SALT":"6ntgei1blgbkcs4kcyoqgww3k9bsiferllhfl6poknvas2eecxyynpqcpxpinpes","NONCE_SALT":"5ihwbwbmwsylgnlbilmecoa5rtkr29ghvnxmqdeqh4aul0ekow12foymoj4x0cbo","WP_DEBUG_LOG":false,"WP_CONTENT_URL":"https:\/\/nationsoundluc.rf.gd\/wp\/wp-content","WP_CONTENT_DIR":"\/home\/vol15_8\/infinityfree.com\/if0_36828142\/htdocs\/wp\/wp-content\/","table_prefix":"wp_"}}